"Category ID";"Active (0/1)";"Name *";"Parent category";Description;"Meta title";"Meta keywords";"Meta description";"URL rewritten";"Image URL"
3;1;Activities;2;"<p>Just take a look at our assortment. We have foreseen all your needs. The most comfortable and safety clothing for your hobby is presented in our store. Knee guards, helmets, motocross goggles, socks and multitude accessories - all you may need is here. The products we offer are certified and meet all safety demands and requirements. Forget all your doubts and enjoy every minute you will find for extreme. Comfortable clothes will protect you from possible danger. Modern design and latest safety technologies are united to take care of each part of your body still providing easy movement. Decrease the number of possible accidents and enjoy the sport you have chosen, in its full.</p>";;;;activities;http://192.168.9.34/prestashop/theme1138_new/img/c/3.jpg
39;1;Clothing;2;"<p>Just take a look at our assortment. We have foreseen all your needs. The most comfortable and safety clothing for your hobby is presented in our store. Knee guards, helmets, motocross goggles, socks and multitude accessories - all you may need is here. The products we offer are certified and meet all safety demands and requirements. Forget all your doubts and enjoy every minute you will find for extreme. Comfortable clothes will protect you from possible danger. Modern design and latest safety technologies are united to take care of each part of your body still providing easy movement. Decrease the number of possible accidents and enjoy the sport you have chosen, in its full.</p>";;;;clothing;http://192.168.9.34/prestashop/theme1138_new/img/c/39.jpg
40;1;Equipment;2;"<p>Just take a look at our assortment. We have foreseen all your needs. The most comfortable and safety clothing for your hobby is presented in our store. Knee guards, helmets, motocross goggles, socks and multitude accessories - all you may need is here. The products we offer are certified and meet all safety demands and requirements. Forget all your doubts and enjoy every minute you will find for extreme. Comfortable clothes will protect you from possible danger. Modern design and latest safety technologies are united to take care of each part of your body still providing easy movement. Decrease the number of possible accidents and enjoy the sport you have chosen, in its full.</p>";;;;equipment;http://192.168.9.34/prestashop/theme1138_new/img/c/40.jpg
41;1;Footwear;2;"<p>Just take a look at our assortment. We have foreseen all your needs. The most comfortable and safety clothing for your hobby is presented in our store. Knee guards, helmets, motocross goggles, socks and multitude accessories - all you may need is here. The products we offer are certified and meet all safety demands and requirements. Forget all your doubts and enjoy every minute you will find for extreme. Comfortable clothes will protect you from possible danger. Modern design and latest safety technologies are united to take care of each part of your body still providing easy movement. Decrease the number of possible accidents and enjoy the sport you have chosen, in its full.</p>";;;;footwear;http://192.168.9.34/prestashop/theme1138_new/img/c/41.jpg
42;1;Men`s;2;"<p>Just take a look at our assortment. We have foreseen all your needs. The most comfortable and safety clothing for your hobby is presented in our store. Knee guards, helmets, motocross goggles, socks and multitude accessories - all you may need is here. The products we offer are certified and meet all safety demands and requirements. Forget all your doubts and enjoy every minute you will find for extreme. Comfortable clothes will protect you from possible danger. Modern design and latest safety technologies are united to take care of each part of your body still providing easy movement. Decrease the number of possible accidents and enjoy the sport you have chosen, in its full.</p>";;;;mens;http://192.168.9.34/prestashop/theme1138_new/img/c/42.jpg
43;1;Women`s;2;"<p>Just take a look at our assortment. We have foreseen all your needs. The most comfortable and safety clothing for your hobby is presented in our store. Knee guards, helmets, motocross goggles, socks and multitude accessories - all you may need is here. The products we offer are certified and meet all safety demands and requirements. Forget all your doubts and enjoy every minute you will find for extreme. Comfortable clothes will protect you from possible danger. Modern design and latest safety technologies are united to take care of each part of your body still providing easy movement. Decrease the number of possible accidents and enjoy the sport you have chosen, in its full.</p>";;;;womens;http://192.168.9.34/prestashop/theme1138_new/img/c/43.jpg
44;1;Kids`;2;"<p>Just take a look at our assortment. We have foreseen all your needs. The most comfortable and safety clothing for your hobby is presented in our store. Knee guards, helmets, motocross goggles, socks and multitude accessories - all you may need is here. The products we offer are certified and meet all safety demands and requirements. Forget all your doubts and enjoy every minute you will find for extreme. Comfortable clothes will protect you from possible danger. Modern design and latest safety technologies are united to take care of each part of your body still providing easy movement. Decrease the number of possible accidents and enjoy the sport you have chosen, in its full.</p>";;;;kids;http://192.168.9.34/prestashop/theme1138_new/img/c/44.jpg
45;1;Brands;2;"<p>Just take a look at our assortment. We have foreseen all your needs. The most comfortable and safety clothing for your hobby is presented in our store. Knee guards, helmets, motocross goggles, socks and multitude accessories - all you may need is here. The products we offer are certified and meet all safety demands and requirements. Forget all your doubts and enjoy every minute you will find for extreme. Comfortable clothes will protect you from possible danger. Modern design and latest safety technologies are united to take care of each part of your body still providing easy movement. Decrease the number of possible accidents and enjoy the sport you have chosen, in its full.</p>";;;;brands;http://192.168.9.34/prestashop/theme1138_new/img/c/45.jpg
46;1;Blog;2;"<p>Just take a look at our assortment. We have foreseen all your needs. The most comfortable and safety clothing for your hobby is presented in our store. Knee guards, helmets, motocross goggles, socks and multitude accessories - all you may need is here. The products we offer are certified and meet all safety demands and requirements. Forget all your doubts and enjoy every minute you will find for extreme. Comfortable clothes will protect you from possible danger. Modern design and latest safety technologies are united to take care of each part of your body still providing easy movement. Decrease the number of possible accidents and enjoy the sport you have chosen, in its full.</p>";;;;blog;http://192.168.9.34/prestashop/theme1138_new/img/c/46.jpg
4;1;Excepteur;3;"<p>Just take a look at our assortment. We have foreseen all your needs. The most comfortable and safety clothing for your hobby is presented in our store. Knee guards, helmets, motocross goggles, socks and multitude accessories - all you may need is here. The products we offer are certified and meet all safety demands and requirements. Forget all your doubts and enjoy every minute you will find for extreme. Comfortable clothes will protect you from possible danger. Modern design and latest safety technologies are united to take care of each part of your body still providing easy movement. Decrease the number of possible accidents and enjoy the sport you have chosen, in its full.</p>";;;;excepteur;http://192.168.9.34/prestashop/theme1138_new/img/c/4.jpg
11;1;Occaecat;3;"<p>Just take a look at our assortment. We have foreseen all your needs. The most comfortable and safety clothing for your hobby is presented in our store. Knee guards, helmets, motocross goggles, socks and multitude accessories - all you may need is here. The products we offer are certified and meet all safety demands and requirements. Forget all your doubts and enjoy every minute you will find for extreme. Comfortable clothes will protect you from possible danger. Modern design and latest safety technologies are united to take care of each part of your body still providing easy movement. Decrease the number of possible accidents and enjoy the sport you have chosen, in its full.</p>";;;;occaecat;http://192.168.9.34/prestashop/theme1138_new/img/c/11.jpg
18;1;Cupidatat;3;"<p>Just take a look at our assortment. We have foreseen all your needs. The most comfortable and safety clothing for your hobby is presented in our store. Knee guards, helmets, motocross goggles, socks and multitude accessories - all you may need is here. The products we offer are certified and meet all safety demands and requirements. Forget all your doubts and enjoy every minute you will find for extreme. Comfortable clothes will protect you from possible danger. Modern design and latest safety technologies are united to take care of each part of your body still providing easy movement. Decrease the number of possible accidents and enjoy the sport you have chosen, in its full.</p>";;;;cupidatat;http://192.168.9.34/prestashop/theme1138_new/img/c/18.jpg
25;1;Proident;3;"<p>Just take a look at our assortment. We have foreseen all your needs. The most comfortable and safety clothing for your hobby is presented in our store. Knee guards, helmets, motocross goggles, socks and multitude accessories - all you may need is here. The products we offer are certified and meet all safety demands and requirements. Forget all your doubts and enjoy every minute you will find for extreme. Comfortable clothes will protect you from possible danger. Modern design and latest safety technologies are united to take care of each part of your body still providing easy movement. Decrease the number of possible accidents and enjoy the sport you have chosen, in its full.</p>";;;;proident;http://192.168.9.34/prestashop/theme1138_new/img/c/25.jpg
5;1;"Lorem ipsum dolor";4;"<p>Just take a look at our assortment. We have foreseen all your needs. The most comfortable and safety clothing for your hobby is presented in our store. Knee guards, helmets, motocross goggles, socks and multitude accessories - all you may need is here. The products we offer are certified and meet all safety demands and requirements. Forget all your doubts and enjoy every minute you will find for extreme. Comfortable clothes will protect you from possible danger. Modern design and latest safety technologies are united to take care of each part of your body still providing easy movement. Decrease the number of possible accidents and enjoy the sport you have chosen, in its full.</p>";;;;lorem-ipsum-dolor;http://192.168.9.34/prestashop/theme1138_new/img/c/5.jpg
6;1;"Sit amet conse";4;"<p>Just take a look at our assortment. We have foreseen all your needs. The most comfortable and safety clothing for your hobby is presented in our store. Knee guards, helmets, motocross goggles, socks and multitude accessories - all you may need is here. The products we offer are certified and meet all safety demands and requirements. Forget all your doubts and enjoy every minute you will find for extreme. Comfortable clothes will protect you from possible danger. Modern design and latest safety technologies are united to take care of each part of your body still providing easy movement. Decrease the number of possible accidents and enjoy the sport you have chosen, in its full.</p>";;;;sit-amet-conse;http://192.168.9.34/prestashop/theme1138_new/img/c/6.jpg
7;1;"Ctetur adipisicing elit";4;"<p>Just take a look at our assortment. We have foreseen all your needs. The most comfortable and safety clothing for your hobby is presented in our store. Knee guards, helmets, motocross goggles, socks and multitude accessories - all you may need is here. The products we offer are certified and meet all safety demands and requirements. Forget all your doubts and enjoy every minute you will find for extreme. Comfortable clothes will protect you from possible danger. Modern design and latest safety technologies are united to take care of each part of your body still providing easy movement. Decrease the number of possible accidents and enjoy the sport you have chosen, in its full.</p>";;;;ctetur-adipisicing-elit;http://192.168.9.34/prestashop/theme1138_new/img/c/7.jpg
8;1;"Sed do eiusmod";4;"<p>Just take a look at our assortment. We have foreseen all your needs. The most comfortable and safety clothing for your hobby is presented in our store. Knee guards, helmets, motocross goggles, socks and multitude accessories - all you may need is here. The products we offer are certified and meet all safety demands and requirements. Forget all your doubts and enjoy every minute you will find for extreme. Comfortable clothes will protect you from possible danger. Modern design and latest safety technologies are united to take care of each part of your body still providing easy movement. Decrease the number of possible accidents and enjoy the sport you have chosen, in its full.</p>";;;;sed-do-eiusmod;http://192.168.9.34/prestashop/theme1138_new/img/c/8.jpg
9;1;"Tempor incididunt ut";4;"<p>Just take a look at our assortment. We have foreseen all your needs. The most comfortable and safety clothing for your hobby is presented in our store. Knee guards, helmets, motocross goggles, socks and multitude accessories - all you may need is here. The products we offer are certified and meet all safety demands and requirements. Forget all your doubts and enjoy every minute you will find for extreme. Comfortable clothes will protect you from possible danger. Modern design and latest safety technologies are united to take care of each part of your body still providing easy movement. Decrease the number of possible accidents and enjoy the sport you have chosen, in its full.</p>";;;;tempor-incididunt-ut;http://192.168.9.34/prestashop/theme1138_new/img/c/9.jpg
10;1;"Labore et dolore";4;"<p>Just take a look at our assortment. We have foreseen all your needs. The most comfortable and safety clothing for your hobby is presented in our store. Knee guards, helmets, motocross goggles, socks and multitude accessories - all you may need is here. The products we offer are certified and meet all safety demands and requirements. Forget all your doubts and enjoy every minute you will find for extreme. Comfortable clothes will protect you from possible danger. Modern design and latest safety technologies are united to take care of each part of your body still providing easy movement. Decrease the number of possible accidents and enjoy the sport you have chosen, in its full.</p>";;;;labore-et-dolore;http://192.168.9.34/prestashop/theme1138_new/img/c/10.jpg
29;1;"Sed do eiusmod";4;"<p>Just take a look at our assortment. We have foreseen all your needs. The most comfortable and safety clothing for your hobby is presented in our store. Knee guards, helmets, motocross goggles, socks and multitude accessories - all you may need is here. The products we offer are certified and meet all safety demands and requirements. Forget all your doubts and enjoy every minute you will find for extreme. Comfortable clothes will protect you from possible danger. Modern design and latest safety technologies are united to take care of each part of your body still providing easy movement. Decrease the number of possible accidents and enjoy the sport you have chosen, in its full.</p>";;;;sed-do-eiusmod;http://192.168.9.34/prestashop/theme1138_new/img/c/29.jpg
30;1;"Tempor incididunt ut";4;"<p>Just take a look at our assortment. We have foreseen all your needs. The most comfortable and safety clothing for your hobby is presented in our store. Knee guards, helmets, motocross goggles, socks and multitude accessories - all you may need is here. The products we offer are certified and meet all safety demands and requirements. Forget all your doubts and enjoy every minute you will find for extreme. Comfortable clothes will protect you from possible danger. Modern design and latest safety technologies are united to take care of each part of your body still providing easy movement. Decrease the number of possible accidents and enjoy the sport you have chosen, in its full.</p>";;;;tempor-incididunt-ut;http://192.168.9.34/prestashop/theme1138_new/img/c/30.jpg
12;1;"Lorem ipsum dolor";11;"<p>Just take a look at our assortment. We have foreseen all your needs. The most comfortable and safety clothing for your hobby is presented in our store. Knee guards, helmets, motocross goggles, socks and multitude accessories - all you may need is here. The products we offer are certified and meet all safety demands and requirements. Forget all your doubts and enjoy every minute you will find for extreme. Comfortable clothes will protect you from possible danger. Modern design and latest safety technologies are united to take care of each part of your body still providing easy movement. Decrease the number of possible accidents and enjoy the sport you have chosen, in its full.</p>";;;;lorem-ipsum-dolor;http://192.168.9.34/prestashop/theme1138_new/img/c/12.jpg
13;1;"Sit amet conse";11;"<p>Just take a look at our assortment. We have foreseen all your needs. The most comfortable and safety clothing for your hobby is presented in our store. Knee guards, helmets, motocross goggles, socks and multitude accessories - all you may need is here. The products we offer are certified and meet all safety demands and requirements. Forget all your doubts and enjoy every minute you will find for extreme. Comfortable clothes will protect you from possible danger. Modern design and latest safety technologies are united to take care of each part of your body still providing easy movement. Decrease the number of possible accidents and enjoy the sport you have chosen, in its full.</p>";;;;sit-amet-conse;http://192.168.9.34/prestashop/theme1138_new/img/c/13.jpg
14;1;"Ctetur adipisicing elit";11;"<p>Just take a look at our assortment. We have foreseen all your needs. The most comfortable and safety clothing for your hobby is presented in our store. Knee guards, helmets, motocross goggles, socks and multitude accessories - all you may need is here. The products we offer are certified and meet all safety demands and requirements. Forget all your doubts and enjoy every minute you will find for extreme. Comfortable clothes will protect you from possible danger. Modern design and latest safety technologies are united to take care of each part of your body still providing easy movement. Decrease the number of possible accidents and enjoy the sport you have chosen, in its full.</p>";;;;ctetur-adipisicing-elit;http://192.168.9.34/prestashop/theme1138_new/img/c/14.jpg
15;1;"Sed do eiusmod";11;"<p>Just take a look at our assortment. We have foreseen all your needs. The most comfortable and safety clothing for your hobby is presented in our store. Knee guards, helmets, motocross goggles, socks and multitude accessories - all you may need is here. The products we offer are certified and meet all safety demands and requirements. Forget all your doubts and enjoy every minute you will find for extreme. Comfortable clothes will protect you from possible danger. Modern design and latest safety technologies are united to take care of each part of your body still providing easy movement. Decrease the number of possible accidents and enjoy the sport you have chosen, in its full.</p>";;;;sed-do-eiusmod;http://192.168.9.34/prestashop/theme1138_new/img/c/15.jpg
16;1;"Tempor incididunt ut";11;"<p>Just take a look at our assortment. We have foreseen all your needs. The most comfortable and safety clothing for your hobby is presented in our store. Knee guards, helmets, motocross goggles, socks and multitude accessories - all you may need is here. The products we offer are certified and meet all safety demands and requirements. Forget all your doubts and enjoy every minute you will find for extreme. Comfortable clothes will protect you from possible danger. Modern design and latest safety technologies are united to take care of each part of your body still providing easy movement. Decrease the number of possible accidents and enjoy the sport you have chosen, in its full.</p>";;;;tempor-incididunt-ut;http://192.168.9.34/prestashop/theme1138_new/img/c/16.jpg
17;1;"Labore et dolore";11;"<p>Just take a look at our assortment. We have foreseen all your needs. The most comfortable and safety clothing for your hobby is presented in our store. Knee guards, helmets, motocross goggles, socks and multitude accessories - all you may need is here. The products we offer are certified and meet all safety demands and requirements. Forget all your doubts and enjoy every minute you will find for extreme. Comfortable clothes will protect you from possible danger. Modern design and latest safety technologies are united to take care of each part of your body still providing easy movement. Decrease the number of possible accidents and enjoy the sport you have chosen, in its full.</p>";;;;labore-et-dolore;http://192.168.9.34/prestashop/theme1138_new/img/c/17.jpg
24;1;"Labore et dolore";11;"<p>Just take a look at our assortment. We have foreseen all your needs. The most comfortable and safety clothing for your hobby is presented in our store. Knee guards, helmets, motocross goggles, socks and multitude accessories - all you may need is here. The products we offer are certified and meet all safety demands and requirements. Forget all your doubts and enjoy every minute you will find for extreme. Comfortable clothes will protect you from possible danger. Modern design and latest safety technologies are united to take care of each part of your body still providing easy movement. Decrease the number of possible accidents and enjoy the sport you have chosen, in its full.</p>";;;;labore-et-dolore;http://192.168.9.34/prestashop/theme1138_new/img/c/24.jpg
19;1;"Lorem ipsum dolor";18;"<p>Just take a look at our assortment. We have foreseen all your needs. The most comfortable and safety clothing for your hobby is presented in our store. Knee guards, helmets, motocross goggles, socks and multitude accessories - all you may need is here. The products we offer are certified and meet all safety demands and requirements. Forget all your doubts and enjoy every minute you will find for extreme. Comfortable clothes will protect you from possible danger. Modern design and latest safety technologies are united to take care of each part of your body still providing easy movement. Decrease the number of possible accidents and enjoy the sport you have chosen, in its full.</p>";;;;lorem-ipsum-dolor;http://192.168.9.34/prestashop/theme1138_new/img/c/19.jpg
20;1;"Sit amet conse";18;"<p>Just take a look at our assortment. We have foreseen all your needs. The most comfortable and safety clothing for your hobby is presented in our store. Knee guards, helmets, motocross goggles, socks and multitude accessories - all you may need is here. The products we offer are certified and meet all safety demands and requirements. Forget all your doubts and enjoy every minute you will find for extreme. Comfortable clothes will protect you from possible danger. Modern design and latest safety technologies are united to take care of each part of your body still providing easy movement. Decrease the number of possible accidents and enjoy the sport you have chosen, in its full.</p>";;;;sit-amet-conse;http://192.168.9.34/prestashop/theme1138_new/img/c/20.jpg
21;1;"Ctetur adipisicing elit";18;"<p>Just take a look at our assortment. We have foreseen all your needs. The most comfortable and safety clothing for your hobby is presented in our store. Knee guards, helmets, motocross goggles, socks and multitude accessories - all you may need is here. The products we offer are certified and meet all safety demands and requirements. Forget all your doubts and enjoy every minute you will find for extreme. Comfortable clothes will protect you from possible danger. Modern design and latest safety technologies are united to take care of each part of your body still providing easy movement. Decrease the number of possible accidents and enjoy the sport you have chosen, in its full.</p>";;;;ctetur-adipisicing-elit;http://192.168.9.34/prestashop/theme1138_new/img/c/21.jpg
22;1;"Sed do eiusmod";18;"<p>Just take a look at our assortment. We have foreseen all your needs. The most comfortable and safety clothing for your hobby is presented in our store. Knee guards, helmets, motocross goggles, socks and multitude accessories - all you may need is here. The products we offer are certified and meet all safety demands and requirements. Forget all your doubts and enjoy every minute you will find for extreme. Comfortable clothes will protect you from possible danger. Modern design and latest safety technologies are united to take care of each part of your body still providing easy movement. Decrease the number of possible accidents and enjoy the sport you have chosen, in its full.</p>";;;;sed-do-eiusmod;http://192.168.9.34/prestashop/theme1138_new/img/c/22.jpg
23;1;"Tempor incididunt ut";18;"<p>Just take a look at our assortment. We have foreseen all your needs. The most comfortable and safety clothing for your hobby is presented in our store. Knee guards, helmets, motocross goggles, socks and multitude accessories - all you may need is here. The products we offer are certified and meet all safety demands and requirements. Forget all your doubts and enjoy every minute you will find for extreme. Comfortable clothes will protect you from possible danger. Modern design and latest safety technologies are united to take care of each part of your body still providing easy movement. Decrease the number of possible accidents and enjoy the sport you have chosen, in its full.</p>";;;;tempor-incididunt-ut;http://192.168.9.34/prestashop/theme1138_new/img/c/23.jpg
31;1;"Labore et dolore";18;"<p>Just take a look at our assortment. We have foreseen all your needs. The most comfortable and safety clothing for your hobby is presented in our store. Knee guards, helmets, motocross goggles, socks and multitude accessories - all you may need is here. The products we offer are certified and meet all safety demands and requirements. Forget all your doubts and enjoy every minute you will find for extreme. Comfortable clothes will protect you from possible danger. Modern design and latest safety technologies are united to take care of each part of your body still providing easy movement. Decrease the number of possible accidents and enjoy the sport you have chosen, in its full.</p>";;;;labore-et-dolore;http://192.168.9.34/prestashop/theme1138_new/img/c/31.jpg
26;1;"Lorem ipsum dolor";25;"<p>Just take a look at our assortment. We have foreseen all your needs. The most comfortable and safety clothing for your hobby is presented in our store. Knee guards, helmets, motocross goggles, socks and multitude accessories - all you may need is here. The products we offer are certified and meet all safety demands and requirements. Forget all your doubts and enjoy every minute you will find for extreme. Comfortable clothes will protect you from possible danger. Modern design and latest safety technologies are united to take care of each part of your body still providing easy movement. Decrease the number of possible accidents and enjoy the sport you have chosen, in its full.</p>";;;;lorem-ipsum-dolor;http://192.168.9.34/prestashop/theme1138_new/img/c/26.jpg
27;1;"Sit amet conse";25;"<p>Just take a look at our assortment. We have foreseen all your needs. The most comfortable and safety clothing for your hobby is presented in our store. Knee guards, helmets, motocross goggles, socks and multitude accessories - all you may need is here. The products we offer are certified and meet all safety demands and requirements. Forget all your doubts and enjoy every minute you will find for extreme. Comfortable clothes will protect you from possible danger. Modern design and latest safety technologies are united to take care of each part of your body still providing easy movement. Decrease the number of possible accidents and enjoy the sport you have chosen, in its full.</p>";;;;sit-amet-conse;http://192.168.9.34/prestashop/theme1138_new/img/c/27.jpg
28;1;"Ctetur adipisicing elit";25;"<p>Just take a look at our assortment. We have foreseen all your needs. The most comfortable and safety clothing for your hobby is presented in our store. Knee guards, helmets, motocross goggles, socks and multitude accessories - all you may need is here. The products we offer are certified and meet all safety demands and requirements. Forget all your doubts and enjoy every minute you will find for extreme. Comfortable clothes will protect you from possible danger. Modern design and latest safety technologies are united to take care of each part of your body still providing easy movement. Decrease the number of possible accidents and enjoy the sport you have chosen, in its full.</p>";;;;ctetur-adipisicing-elit;http://192.168.9.34/prestashop/theme1138_new/img/c/28.jpg
